Id;Vehiculo;Fecha;Tag;Tipo Residuo;Tipo Contenedor;Frecuencia RSU;Municipio;Poligono;Ruta;Peso;
102359;7501JXG;28/12/2018 16:12:00;ZAMUO;Organico;ct org 1100;4;ZAMUDIO;AREA URBANA;24;150,00;
102358;7501JXG;28/12/2018 16:09:00;ZAMIO;Organico;ct org 1100;2;ZAMUDIO;TORRELARRAGOITI;24;518,00;
102357;7501JXG;28/12/2018 16:07:59;ZAMIO;Organico;ct org 1100;2;ZAMUDIO;TORRELARRAGOITI;24;180,00;
102814;1541CLM;27/12/2018 08:42:59;F07C37;Organico;ct org 1100;5;ZAMUDIO;PARQUE TECNOLOGICO;13;71,00;
102813;1541CLM;27/12/2018 08:42:00;F07C37;Organico;ct org 1100;5;ZAMUDIO;PARQUE TECNOLOGICO;13;74,00;
102800;1541CLM;27/12/2018 08:17:00;F0C108;Organico;ct org 1100;5;ZAMUDIO;PARQUE TECNOLOGICO;13;25,00;
101489;1541CLM;24/12/2018 09:09:59;F07C37;Organico;ct org 1100;5;ZAMUDIO;PARQUE TECNOLOGICO;13;8,00;
101210;1541CLM;21/12/2018 08:19:00;F07C37;Organico;ct org 1100;5;ZAMUDIO;PARQUE TECNOLOGICO;17;62,00;
101194;1541CLM;21/12/2018 08:01:59;F0C108;Organico;ct org 1100;5;ZAMUDIO;PARQUE TECNOLOGICO;17;5,00;
100983;1541CLM;20/12/2018 07:32:59;F07C37;Organico;ct org 1100;5;ZAMUDIO;PARQUE TECNOLOGICO;16;26,00;
100984;1541CLM;20/12/2018 07:32:59;F07C37;Organico;ct org 1100;5;ZAMUDIO;PARQUE TECNOLOGICO;16;11,00;
100967;1541CLM;20/12/2018 07:14:00;F0C108;Organico;ct org 1100;5;ZAMUDIO;PARQUE TECNOLOGICO;16;21,00;
100849;1541CLM;19/12/2018 08:08:00;F07C37;Organico;ct org 1100;5;ZAMUDIO;PARQUE TECNOLOGICO;15;83,00;
100833;1541CLM;19/12/2018 07:47:00;F0C108;Organico;ct org 1100;5;ZAMUDIO;PARQUE TECNOLOGICO;15;12,00;
100710;1541CLM;18/12/2018 08:23:59;F07C37;Organico;ct org 1100;5;ZAMUDIO;PARQUE TECNOLOGICO;14;38,00;
100691;1541CLM;18/12/2018 08:01:00;F0C108;Organico;ct org 1100;5;ZAMUDIO;PARQUE TECNOLOGICO;14;19,00;
100387;1541CLM;17/12/2018 08:32:59;F07C37;Organico;ct org 1100;5;ZAMUDIO;PARQUE TECNOLOGICO;13;56,00;
100370;1541CLM;17/12/2018 08:14:00;F0C108;Organico;ct org 1100;5;ZAMUDIO;PARQUE TECNOLOGICO;13;29,00;
96622;7501JXG;14/12/2018 15:38:59;ZAMIO;Organico;ct org 1100;2;ZAMUDIO;TORRELARRAGOITI;27;338,00;
94982;2618JYP;14/12/2018 09:38:59;ZAMUO;Organico;ct org 1100;4;ZAMUDIO;AREA URBANA;25;37,00;
98413;1541CLM;14/12/2018 08:26:00;F07C37;Organico;ct org 1100;5;ZAMUDIO;PARQUE TECNOLOGICO;17;41,00;
98396;1541CLM;14/12/2018 08:06:00;F0C108;Organico;ct org 1100;5;ZAMUDIO;PARQUE TECNOLOGICO;17;41,00;
98183;1541CLM;13/12/2018 08:32:00;F07C37;Organico;ct org 1100;5;ZAMUDIO;PARQUE TECNOLOGICO;16;46,00;
98167;1541CLM;13/12/2018 08:10:59;F0C108;Organico;ct org 1100;5;ZAMUDIO;PARQUE TECNOLOGICO;16;18,00;
98105;1541CLM;12/12/2018 08:35:00;F07C37;Organico;ct org 1100;5;ZAMUDIO;PARQUE TECNOLOGICO;15;95,00;
98088;1541CLM;12/12/2018 08:14:00;F0C108;Organico;ct org 1100;5;ZAMUDIO;PARQUE TECNOLOGICO;15;10,00;
97852;1541CLM;11/12/2018 08:48:59;F07C37;Organico;ct org 1100;5;ZAMUDIO;PARQUE TECNOLOGICO;14;44,00;
97837;1541CLM;11/12/2018 08:28:00;F0C108;Organico;ct org 1100;5;ZAMUDIO;PARQUE TECNOLOGICO;14;26,00;
97587;1541CLM;10/12/2018 08:06:59;F0C108;Organico;ct org 1100;5;ZAMUDIO;PARQUE TECNOLOGICO;13;22,00;
97392;1541CLM;07/12/2018 08:21:00;F07C37;Organico;ct org 1100;5;ZAMUDIO;PARQUE TECNOLOGICO;17;29,00;
97376;1541CLM;07/12/2018 08:01:00;F0C108;Organico;ct org 1100;5;ZAMUDIO;PARQUE TECNOLOGICO;17;106,00;
97296;1541CLM;05/12/2018 08:03:00;F07C37;Organico;ct org 1100;5;ZAMUDIO;PARQUE TECNOLOGICO;15;90,00;
97278;1541CLM;05/12/2018 07:41:59;F0C108;Organico;ct org 1100;5;ZAMUDIO;PARQUE TECNOLOGICO;15;12,00;
97046;1541CLM;04/12/2018 08:51:00;F07C37;Organico;ct org 1100;5;ZAMUDIO;PARQUE TECNOLOGICO;14;71,00;
97030;1541CLM;04/12/2018 08:23:59;F0C108;Organico;ct org 1100;5;ZAMUDIO;PARQUE TECNOLOGICO;14;197,00;
96784;1541CLM;03/12/2018 08:33:59;F07C37;Organico;ct org 1100;5;ZAMUDIO;PARQUE TECNOLOGICO;13;118,00;
96762;1541CLM;03/12/2018 08:10:00;F0C108;Organico;ct org 1100;5;ZAMUDIO;PARQUE TECNOLOGICO;13;56,00;
88810;2618JYP;30/11/2018 12:24:59;ZAMIO;Organico;ct org 1100;2;ZAMUDIO;TORRELARRAGOITI;24;14,00;
88809;2618JYP;30/11/2018 12:24:59;ZAMIO;Organico;ct org 1100;2;ZAMUDIO;TORRELARRAGOITI;24;15,00;
88808;2618JYP;30/11/2018 12:24:00;ZAMIO;Organico;ct org 1100;2;ZAMUDIO;TORRELARRAGOITI;24;1,00;
88807;2618JYP;30/11/2018 12:22:59;ZAMIO;Organico;ct org 1100;2;ZAMUDIO;TORRELARRAGOITI;24;20,00;
88757;2618JYP;30/11/2018 11:10:00;ZAMIO;Organico;ct org 1100;2;ZAMUDIO;TORRELARRAGOITI;24;76,00;
88748;2618JYP;30/11/2018 09:29:00;ZAMUO;Organico;ct org 1100;4;ZAMUDIO;AREA URBANA;24;3,00;
90528;7501JXG;30/11/2018 09:15:59;ZAMIO;Organico;ct org 1100;2;ZAMUDIO;TORRELARRAGOITI;24;1.012,00;
90527;7501JXG;30/11/2018 09:15:00;ZAMIO;Organico;ct org 1100;2;ZAMUDIO;TORRELARRAGOITI;24;742,00;
90525;7501JXG;30/11/2018 09:04:59;ZAMIO;Organico;ct org 1100;2;ZAMUDIO;TORRELARRAGOITI;24;34,00;
92750;1541CLM;30/11/2018 08:28:59;F07C37;Organico;ct org 1100;5;ZAMUDIO;PARQUE TECNOLOGICO;17;58,00;
92734;1541CLM;30/11/2018 08:06:59;F0C108;Organico;ct org 1100;5;ZAMUDIO;PARQUE TECNOLOGICO;17;44,00;
88691;2618JYP;30/11/2018 07:25:59;ZAMIO;Organico;ct org 1100;2;ZAMUDIO;TORRELARRAGOITI;24;43,00;
88690;2618JYP;30/11/2018 07:25:59;ZAMIO;Organico;ct org 1100;2;ZAMUDIO;TORRELARRAGOITI;24;55,00;
88689;2618JYP;30/11/2018 07:25:00;ZAMIO;Organico;ct org 1100;2;ZAMUDIO;TORRELARRAGOITI;24;20,00;
92532;1541CLM;29/11/2018 08:28:59;F07C37;Organico;ct org 1100;5;ZAMUDIO;PARQUE TECNOLOGICO;16;52,00;
92516;1541CLM;29/11/2018 08:06:59;F0C108;Organico;ct org 1100;5;ZAMUDIO;PARQUE TECNOLOGICO;16;23,00;
92415;1541CLM;28/11/2018 08:35:00;F07C37;Organico;ct org 1100;5;ZAMUDIO;PARQUE TECNOLOGICO;15;53,00;
92402;1541CLM;28/11/2018 08:14:00;F0C108;Organico;ct org 1100;5;ZAMUDIO;PARQUE TECNOLOGICO;15;6,00;
92270;1541CLM;27/11/2018 08:39:00;F07C37;Organico;ct org 1100;5;ZAMUDIO;PARQUE TECNOLOGICO;14;87,00;
92254;1541CLM;27/11/2018 08:15:00;F0C108;Organico;ct org 1100;5;ZAMUDIO;PARQUE TECNOLOGICO;14;27,00;
91951;1541CLM;26/11/2018 08:35:00;F07C37;Organico;ct org 1100;5;ZAMUDIO;PARQUE TECNOLOGICO;13;119,00;
91938;1541CLM;26/11/2018 08:15:00;F0C108;Organico;ct org 1100;5;ZAMUDIO;PARQUE TECNOLOGICO;13;48,00;
89734;7501JXG;23/11/2018 10:16:59;ZAMIO;Organico;ct org 1100;2;ZAMUDIO;TORRELARRAGOITI;24;772,00;
89731;7501JXG;23/11/2018 10:14:00;ZAMIO;Organico;ct org 1100;2;ZAMUDIO;TORRELARRAGOITI;24;1.012,00;
87939;2618JYP;23/11/2018 09:00:59;ZAMUO;Organico;ct org 1100;4;ZAMUDIO;AREA URBANA;24;31,00;
91705;1541CLM;23/11/2018 08:42:00;F07C37;Organico;ct org 1100;5;ZAMUDIO;PARQUE TECNOLOGICO;17;20,00;
91690;1541CLM;23/11/2018 08:19:00;F0C108;Organico;ct org 1100;5;ZAMUDIO;PARQUE TECNOLOGICO;17;74,00;
91527;1541CLM;22/11/2018 07:56:00;F07C37;Organico;ct org 1100;5;ZAMUDIO;PARQUE TECNOLOGICO;16;73,00;
91512;1541CLM;22/11/2018 07:32:00;F0C108;Organico;ct org 1100;5;ZAMUDIO;PARQUE TECNOLOGICO;16;44,00;
91394;1541CLM;21/11/2018 08:39:00;F07C37;Organico;ct org 1100;5;ZAMUDIO;PARQUE TECNOLOGICO;15;130,00;
91378;1541CLM;21/11/2018 08:15:00;F0C108;Organico;ct org 1100;5;ZAMUDIO;PARQUE TECNOLOGICO;15;48,00;
91179;1541CLM;20/11/2018 08:51:00;F07C37;Organico;ct org 1100;5;ZAMUDIO;PARQUE TECNOLOGICO;14;112,00;
91163;1541CLM;20/11/2018 08:24:59;F0C108;Organico;ct org 1100;5;ZAMUDIO;PARQUE TECNOLOGICO;14;48,00;
90934;1541CLM;19/11/2018 08:33:59;F07C37;Organico;ct org 1100;5;ZAMUDIO;PARQUE TECNOLOGICO;13;97,00;
90917;1541CLM;19/11/2018 08:10:59;F0C108;Organico;ct org 1100;5;ZAMUDIO;PARQUE TECNOLOGICO;13;3,00;
90669;1541CLM;16/11/2018 08:19:59;F07C37;Organico;ct org 1100;5;ZAMUDIO;PARQUE TECNOLOGICO;17;55,00;
90670;1541CLM;16/11/2018 08:19:59;F07C37;Organico;ct org 1100;5;ZAMUDIO;PARQUE TECNOLOGICO;17;10,00;
90655;1541CLM;16/11/2018 07:54:00;F0C108;Organico;ct org 1100;5;ZAMUDIO;PARQUE TECNOLOGICO;17;18,00;
85854;1541CLM;15/11/2018 08:32:59;F07C37;Organico;ct org 1100;5;ZAMUDIO;PARQUE TECNOLOGICO;16;49,00;
85839;1541CLM;15/11/2018 08:12:59;F0C108;Organico;ct org 1100;5;ZAMUDIO;PARQUE TECNOLOGICO;16;40,00;
85732;1541CLM;14/11/2018 08:23:59;F07C37;Organico;ct org 1100;5;ZAMUDIO;PARQUE TECNOLOGICO;15;56,00;
85715;1541CLM;14/11/2018 08:01:00;F0C108;Organico;ct org 1100;5;ZAMUDIO;PARQUE TECNOLOGICO;15;16,00;
85606;1541CLM;13/11/2018 08:21:00;F0C108;Organico;ct org 1100;5;ZAMUDIO;PARQUE TECNOLOGICO;14;19,00;
85381;1541CLM;12/11/2018 08:37:00;F07C37;Organico;ct org 1100;5;ZAMUDIO;PARQUE TECNOLOGICO;13;87,00;
85366;1541CLM;12/11/2018 08:15:00;F0C108;Organico;ct org 1100;5;ZAMUDIO;PARQUE TECNOLOGICO;13;65,00;
81759;2618JYP;09/11/2018 09:17:00;ZAMUO;Organico;ct org 1100;4;ZAMUDIO;AREA URBANA;24;17,00;
85124;1541CLM;09/11/2018 08:19:00;F07C37;Organico;ct org 1100;5;ZAMUDIO;PARQUE TECNOLOGICO;17;38,00;
85108;1541CLM;09/11/2018 07:56:00;F0C108;Organico;ct org 1100;5;ZAMUDIO;PARQUE TECNOLOGICO;17;60,00;
84927;1541CLM;08/11/2018 08:41:00;F07C37;Organico;ct org 1100;5;ZAMUDIO;PARQUE TECNOLOGICO;16;57,00;
84915;1541CLM;08/11/2018 08:21:00;F0C108;Organico;ct org 1100;5;ZAMUDIO;PARQUE TECNOLOGICO;16;11,00;
84808;1541CLM;07/11/2018 08:15:00;F07C37;Organico;ct org 1100;5;ZAMUDIO;PARQUE TECNOLOGICO;15;74,00;
84796;1541CLM;07/11/2018 07:56:00;F0C108;Organico;ct org 1100;5;ZAMUDIO;PARQUE TECNOLOGICO;15;23,00;
84588;1541CLM;06/11/2018 08:39:00;F07C37;Organico;ct org 1100;5;ZAMUDIO;PARQUE TECNOLOGICO;14;30,00;
84574;1541CLM;06/11/2018 08:15:59;F0C108;Organico;ct org 1100;5;ZAMUDIO;PARQUE TECNOLOGICO;14;55,00;
84345;1541CLM;05/11/2018 07:59:00;F0C108;Organico;ct org 1100;5;ZAMUDIO;PARQUE TECNOLOGICO;13;16,00;
80923;2618JYP;02/11/2018 08:57:59;ZAMUO;Organico;ct org 1100;4;ZAMUDIO;AREA URBANA;24;25,00;
84178;1541CLM;02/11/2018 08:17:00;F07C37;Organico;ct org 1100;5;ZAMUDIO;PARQUE TECNOLOGICO;17;31,00;
84163;1541CLM;02/11/2018 07:54:00;F0C108;Organico;ct org 1100;5;ZAMUDIO;PARQUE TECNOLOGICO;17;20,00;
76871;1541CLM;31/10/2018 08:17:59;F07C37;Organico;ct org 1100;5;ZAMUDIO;PARQUE TECNOLOGICO;15;20,00;
76858;1541CLM;31/10/2018 07:57:00;F0C108;Organico;ct org 1100;5;ZAMUDIO;PARQUE TECNOLOGICO;15;41,00;
76683;1541CLM;30/10/2018 08:37:00;F07C37;Organico;ct org 1100;5;ZAMUDIO;PARQUE TECNOLOGICO;14;29,00;
76670;1541CLM;30/10/2018 08:15:00;F0C108;Organico;ct org 1100;5;ZAMUDIO;PARQUE TECNOLOGICO;14;43,00;
76446;1541CLM;29/10/2018 08:37:00;F07C37;Organico;ct org 1100;5;ZAMUDIO;PARQUE TECNOLOGICO;13;30,00;
76431;1541CLM;29/10/2018 08:15:59;F0C108;Organico;ct org 1100;5;ZAMUDIO;PARQUE TECNOLOGICO;13;45,00;
80298;2618JYP;26/10/2018 08:03:59;ZAMUO;Organico;ct org 1100;4;ZAMUDIO;AREA URBANA;24;7,00;
76183;1541CLM;26/10/2018 07:16:00;F07C37;Organico;ct org 1100;5;ZAMUDIO;PARQUE TECNOLOGICO;17;83,00;
76168;1541CLM;26/10/2018 06:53:59;F0C108;Organico;ct org 1100;5;ZAMUDIO;PARQUE TECNOLOGICO;17;27,00;
75973;1541CLM;25/10/2018 07:38:59;F07C37;Organico;ct org 1100;5;ZAMUDIO;PARQUE TECNOLOGICO;16;38,00;
75974;1541CLM;25/10/2018 07:38:59;F07C37;Organico;ct org 1100;5;ZAMUDIO;PARQUE TECNOLOGICO;16;32,00;
75959;1541CLM;25/10/2018 07:18:00;F0C108;Organico;ct org 1100;5;ZAMUDIO;PARQUE TECNOLOGICO;16;58,00;
75773;1541CLM;23/10/2018 07:00:59;F07C37;Organico;ct org 1100;5;ZAMUDIO;PARQUE TECNOLOGICO;14;71,00;
75760;1541CLM;23/10/2018 06:42:59;F0C108;Organico;ct org 1100;5;ZAMUDIO;PARQUE TECNOLOGICO;14;7,00;
75514;1541CLM;22/10/2018 07:21:00;F07C37;Organico;ct org 1100;5;ZAMUDIO;PARQUE TECNOLOGICO;13;69,00;
75496;1541CLM;22/10/2018 06:58:00;F0C108;Organico;ct org 1100;5;ZAMUDIO;PARQUE TECNOLOGICO;13;52,00;
79392;2618JYP;19/10/2018 08:08:59;ZAMUO;Organico;ct org 1100;4;ZAMUDIO;AREA URBANA;24;23,00;
73812;1541CLM;19/10/2018 07:12:59;F07C37;Organico;ct org 1100;5;ZAMUDIO;PARQUE TECNOLOGICO;17;5,00;
75235;1541CLM;19/10/2018 06:51:00;F0C108;Organico;ct org 1100;5;ZAMUDIO;PARQUE TECNOLOGICO;17;71,00;
66914;2618JYP;28/09/2018 08:05:00;ZAMUO;Organico;ct org 1100;4;ZAMUDIO;AREA URBANA;24;31,00;
65987;2618JYP;21/09/2018 08:12:00;ZAMUO;Organico;ct org 1100;4;ZAMUDIO;AREA URBANA;24;3,00;
65986;2618JYP;21/09/2018 08:12:00;ZAMUO;Organico;ct org 1100;4;ZAMUDIO;AREA URBANA;24;16,00;
62521;2618JYP;14/09/2018 10:59:00;ZAMIO;Organico;ct org 1100;2;ZAMUDIO;TORRELARRAGOITI;24;9,00;
62520;2618JYP;14/09/2018 10:45:59;ZAMIO;Organico;ct org 1100;2;ZAMUDIO;TORRELARRAGOITI;24;148,00;
58552;1541CLM;03/08/2018 07:05:59;F07C37;Organico;ct org 1100;5;ZAMUDIO;PARQUE TECNOLOGICO;17;83,00;
58540;1541CLM;03/08/2018 06:42:59;F0C108;Organico;ct org 1100;5;ZAMUDIO;PARQUE TECNOLOGICO;17;5,00;
58387;1541CLM;02/08/2018 07:16:59;F07C37;Organico;ct org 1100;5;ZAMUDIO;PARQUE TECNOLOGICO;16;69,00;
58373;1541CLM;02/08/2018 06:49:59;F0C108;Organico;ct org 1100;5;ZAMUDIO;PARQUE TECNOLOGICO;16;50,00;
58283;1541CLM;01/08/2018 06:45:59;F0C108;Organico;ct org 1100;5;ZAMUDIO;PARQUE TECNOLOGICO;15;12,00;
55076;1541CLM;27/07/2018 07:11:00;F07C37;Organico;ct org 1100;5;ZAMUDIO;PARQUE TECNOLOGICO;17;19,00;
55059;1541CLM;27/07/2018 06:42:00;F0C108;Organico;ct org 1100;5;ZAMUDIO;PARQUE TECNOLOGICO;17;44,00;
54884;1541CLM;26/07/2018 07:36:00;F07C37;Organico;ct org 1100;5;ZAMUDIO;PARQUE TECNOLOGICO;16;16,00;
54868;1541CLM;26/07/2018 07:12:00;F0C108;Organico;ct org 1100;5;ZAMUDIO;PARQUE TECNOLOGICO;16;51,00;
54756;1541CLM;25/07/2018 06:53:59;F0C108;Organico;ct org 1100;5;ZAMUDIO;PARQUE TECNOLOGICO;15;26,00;
54566;1541CLM;24/07/2018 07:11:00;F07C37;Organico;ct org 1100;5;ZAMUDIO;PARQUE TECNOLOGICO;14;41,00;
54553;1541CLM;24/07/2018 06:49:00;F0C108;Organico;ct org 1100;5;ZAMUDIO;PARQUE TECNOLOGICO;14;35,00;
54365;1541CLM;23/07/2018 07:27:00;F07C37;Organico;ct org 1100;5;ZAMUDIO;PARQUE TECNOLOGICO;13;136,00;
54355;1541CLM;23/07/2018 07:07:59;F0C108;Organico;ct org 1100;5;ZAMUDIO;PARQUE TECNOLOGICO;13;9,00;
50615;2618JYP;20/07/2018 07:56:00;ZAMUO;Organico;ct org 1100;4;ZAMUDIO;AREA URBANA;24;18,00;
54101;1541CLM;20/07/2018 07:16:59;F07C37;Organico;ct org 1100;5;ZAMUDIO;PARQUE TECNOLOGICO;17;15,00;
54086;1541CLM;20/07/2018 06:44:00;F0C108;Organico;ct org 1100;5;ZAMUDIO;PARQUE TECNOLOGICO;17;21,00;
53909;1541CLM;19/07/2018 07:12:00;F07C37;Organico;ct org 1100;5;ZAMUDIO;PARQUE TECNOLOGICO;16;19,00;
53896;1541CLM;19/07/2018 06:49:00;F0C108;Organico;ct org 1100;5;ZAMUDIO;PARQUE TECNOLOGICO;16;55,90;
53796;1541CLM;18/07/2018 07:11:00;F07C37;Organico;ct org 1100;5;ZAMUDIO;PARQUE TECNOLOGICO;15;67,00;
53782;1541CLM;18/07/2018 06:47:59;F0C108;Organico;ct org 1100;5;ZAMUDIO;PARQUE TECNOLOGICO;15;49,00;
53594;1541CLM;17/07/2018 07:05:59;F07C37;Organico;ct org 1100;5;ZAMUDIO;PARQUE TECNOLOGICO;14;56,00;
53582;1541CLM;17/07/2018 06:45:00;F0C108;Organico;ct org 1100;5;ZAMUDIO;PARQUE TECNOLOGICO;14;32,00;
53387;1541CLM;16/07/2018 07:45:59;F07C37;Organico;ct org 1100;5;ZAMUDIO;PARQUE TECNOLOGICO;13;20,00;
53367;1541CLM;16/07/2018 07:09:59;F0C108;Organico;ct org 1100;5;ZAMUDIO;PARQUE TECNOLOGICO;13;6,00;
45816;2618JYP;13/07/2018 07:57:59;ZAMUO;Organico;ct org 1100;4;ZAMUDIO;AREA URBANA;24;17,00;
48992;1541CLM;13/07/2018 07:32:59;F07C37;Organico;ct org 1100;5;ZAMUDIO;PARQUE TECNOLOGICO;17;15,00;
48973;1541CLM;13/07/2018 06:51:00;F0C108;Organico;ct org 1100;5;ZAMUDIO;PARQUE TECNOLOGICO;17;52,00;
48823;1541CLM;12/07/2018 07:18:00;F07C37;Organico;ct org 1100;5;ZAMUDIO;PARQUE TECNOLOGICO;16;9,00;
48808;1541CLM;12/07/2018 06:47:59;F0C108;Organico;ct org 1100;5;ZAMUDIO;PARQUE TECNOLOGICO;16;25,00;
48707;1541CLM;11/07/2018 07:16:00;F07C37;Organico;ct org 1100;5;ZAMUDIO;PARQUE TECNOLOGICO;15;25,00;
48696;1541CLM;11/07/2018 06:51:00;F0C108;Organico;ct org 1100;5;ZAMUDIO;PARQUE TECNOLOGICO;15;6,00;
48523;1541CLM;10/07/2018 07:21:00;F07C37;Organico;ct org 1100;5;ZAMUDIO;PARQUE TECNOLOGICO;14;20,00;
48508;1541CLM;10/07/2018 06:47:59;F0C108;Organico;ct org 1100;5;ZAMUDIO;PARQUE TECNOLOGICO;14;72,00;
48309;1541CLM;09/07/2018 07:21:00;F07C37;Organico;ct org 1100;5;ZAMUDIO;PARQUE TECNOLOGICO;13;44,00;
48296;1541CLM;09/07/2018 06:49:59;F0C108;Organico;ct org 1100;5;ZAMUDIO;PARQUE TECNOLOGICO;13;12,00;
45052;2618JYP;06/07/2018 07:50:59;ZAMUO;Organico;ct org 1100;4;ZAMUDIO;AREA URBANA;24;12,00;
48109;1541CLM;06/07/2018 07:29:00;F0C108;Organico;ct org 1100;5;ZAMUDIO;PARQUE TECNOLOGICO;17;35,00;
48091;1541CLM;06/07/2018 07:05:59;F07C37;Organico;ct org 1100;5;ZAMUDIO;PARQUE TECNOLOGICO;17;35,00;
47883;1541CLM;05/07/2018 07:05:59;F07C37;Organico;ct org 1100;5;ZAMUDIO;PARQUE TECNOLOGICO;16;95,00;
47868;1541CLM;05/07/2018 06:45:00;F0C108;Organico;ct org 1100;5;ZAMUDIO;PARQUE TECNOLOGICO;16;14,00;
47772;1541CLM;04/07/2018 07:07:59;F07C37;Organico;ct org 1100;5;ZAMUDIO;PARQUE TECNOLOGICO;15;99,00;
47762;1541CLM;04/07/2018 06:51:59;F0C108;Organico;ct org 1100;5;ZAMUDIO;PARQUE TECNOLOGICO;15;62,00;
47580;1541CLM;03/07/2018 07:23:59;F0C108;Organico;ct org 1100;5;ZAMUDIO;PARQUE TECNOLOGICO;14;20,00;
47507;1541CLM;02/07/2018 14:10:00;F07C37;Organico;ct org 1100;5;ZAMUDIO;PARQUE TECNOLOGICO;13;48,00;
47487;1541CLM;02/07/2018 13:41:59;F0C108;Organico;ct org 1100;5;ZAMUDIO;PARQUE TECNOLOGICO;13;70,00;
41699;2618JYP;29/06/2018 07:30:59;ZAMUO;Organico;ct org 1100;4;ZAMUDIO;AREA URBANA;24;17,00;
44034;1541CLM;25/06/2018 06:51:59;F0C108;Organico;ct org 1100;5;ZAMUDIO;PARQUE TECNOLOGICO;13;16,00;
43809;1541CLM;22/06/2018 07:25:00;F0C108;Organico;ct org 1100;5;ZAMUDIO;PARQUE TECNOLOGICO;17;69,00;
43789;1541CLM;22/06/2018 07:02:59;F07C37;Organico;ct org 1100;5;ZAMUDIO;PARQUE TECNOLOGICO;17;59,00;
43563;1541CLM;21/06/2018 07:07:00;F07C37;Organico;ct org 1100;5;ZAMUDIO;PARQUE TECNOLOGICO;16;25,00;
43549;1541CLM;21/06/2018 06:47:00;F0C108;Organico;ct org 1100;5;ZAMUDIO;PARQUE TECNOLOGICO;16;24,00;
43440;1541CLM;20/06/2018 07:14:00;F07C37;Organico;ct org 1100;5;ZAMUDIO;PARQUE TECNOLOGICO;15;6,00;
43427;1541CLM;20/06/2018 06:54:59;F0C108;Organico;ct org 1100;5;ZAMUDIO;PARQUE TECNOLOGICO;15;63,90;
39574;1541CLM;05/06/2018 07:09:59;F07C37;Organico;ct org 1100;5;ZAMUDIO;PARQUE TECNOLOGICO;14;2,00;
39587;1541CLM;05/06/2018 06:51:00;F0C108;Organico;ct org 1100;5;ZAMUDIO;PARQUE TECNOLOGICO;14;61,00;
39800;1541CLM;04/06/2018 07:07:00;F07C37;Organico;ct org 1100;5;ZAMUDIO;PARQUE TECNOLOGICO;13;9,00;
39816;1541CLM;04/06/2018 06:47:00;F0C108;Organico;ct org 1100;5;ZAMUDIO;PARQUE TECNOLOGICO;13;28,00;
40036;1541CLM;01/06/2018 07:27:59;F0C108;Organico;ct org 1100;5;ZAMUDIO;PARQUE TECNOLOGICO;17;12,00;
40056;1541CLM;01/06/2018 07:05:00;F07C37;Organico;ct org 1100;5;ZAMUDIO;PARQUE TECNOLOGICO;17;99,00;
36544;1541CLM;31/05/2018 06:58:59;F07C37;Organico;ct org 1100;5;ZAMUDIO;PARQUE TECNOLOGICO;16;12,00;
36534;1541CLM;31/05/2018 06:42:00;F0C108;Organico;ct org 1100;5;ZAMUDIO;PARQUE TECNOLOGICO;16;83,00;
36430;1541CLM;30/05/2018 07:21:00;F0C108;Organico;ct org 1100;5;ZAMUDIO;PARQUE TECNOLOGICO;15;23,00;
36270;1541CLM;29/05/2018 06:47:00;F0C108;Organico;ct org 1100;5;ZAMUDIO;PARQUE TECNOLOGICO;14;2,00;
36082;1541CLM;28/05/2018 07:30:59;F0C108;Organico;ct org 1100;5;ZAMUDIO;PARQUE TECNOLOGICO;13;26,00;
35829;1541CLM;25/05/2018 07:25:59;F0C108;Organico;ct org 1100;5;ZAMUDIO;PARQUE TECNOLOGICO;17;9,00;
35811;1541CLM;25/05/2018 07:02:59;F07C37;Organico;ct org 1100;5;ZAMUDIO;PARQUE TECNOLOGICO;17;125,00;
3326;1541CLM;24/05/2018 06:58:59;F07C37;Organico;ct org 1100;5;ZAMUDIO;PARQUE TECNOLOGICO;16;18,00;
3325;1541CLM;24/05/2018 06:58:59;F07C37;Organico;ct org 1100;5;ZAMUDIO;PARQUE TECNOLOGICO;16;121,00;
3314;1541CLM;24/05/2018 06:40:59;F0C108;Organico;ct org 1100;5;ZAMUDIO;PARQUE TECNOLOGICO;16;45,00;
3201;1541CLM;23/05/2018 07:05:59;F07C37;Organico;ct org 1100;5;ZAMUDIO;PARQUE TECNOLOGICO;15;72,00;
3186;1541CLM;23/05/2018 06:47:00;F0C108;Organico;ct org 1100;5;ZAMUDIO;PARQUE TECNOLOGICO;15;6,00;
2995;1541CLM;22/05/2018 07:02:59;F07C37;Organico;ct org 1100;5;ZAMUDIO;PARQUE TECNOLOGICO;14;36,00;
2981;1541CLM;22/05/2018 06:45:00;F0C108;Organico;ct org 1100;5;ZAMUDIO;PARQUE TECNOLOGICO;14;38,00;
2732;1541CLM;21/05/2018 06:45:59;F0C108;Organico;ct org 1100;5;ZAMUDIO;PARQUE TECNOLOGICO;13;1,00;
2492;1541CLM;18/05/2018 07:23:00;F0C108;Organico;ct org 1100;5;ZAMUDIO;PARQUE TECNOLOGICO;17;57,00;
2476;1541CLM;18/05/2018 07:00:59;F07C37;Organico;ct org 1100;5;ZAMUDIO;PARQUE TECNOLOGICO;17;74,00;
2263;1541CLM;17/05/2018 07:18:59;F07C37;Organico;ct org 1100;5;ZAMUDIO;PARQUE TECNOLOGICO;16;37,00;
2251;1541CLM;17/05/2018 06:56:59;F0C108;Organico;ct org 1100;5;ZAMUDIO;PARQUE TECNOLOGICO;16;57,00;
2141;1541CLM;16/05/2018 06:42:59;F0C108;Organico;ct org 1100;5;ZAMUDIO;PARQUE TECNOLOGICO;15;17,00;
12731;2618JYP;11/05/2018 08:21:59;ZAMIO;Organico;ct org 1100;2;ZAMUDIO;TORRELARRAGOITI;24;0,00;
12730;2618JYP;11/05/2018 08:19:00;ZAMIO;Organico;ct org 1100;2;ZAMUDIO;TORRELARRAGOITI;24;0,00;
12727;2618JYP;11/05/2018 07:25:59;ZAMUO;Organico;ct org 1100;4;ZAMUDIO;AREA URBANA;24;9,00;
11709;2618JYP;04/05/2018 06:56:00;F0C108;Organico;ct org 1100;5;ZAMUDIO;PARQUE TECNOLOGICO;17;39,00;
11691;2618JYP;04/05/2018 06:33:00;F07C37;Organico;ct org 1100;5;ZAMUDIO;PARQUE TECNOLOGICO;17;42,00;
11464;2618JYP;03/05/2018 06:11:00;F0C108;Organico;ct org 1100;5;ZAMUDIO;PARQUE TECNOLOGICO;16;26,00;
11362;2618JYP;02/05/2018 06:11:59;F0C108;Organico;ct org 1100;5;ZAMUDIO;PARQUE TECNOLOGICO;15;7,00;
11210;2618JYP;30/04/2018 06:56:59;F0C108;Organico;ct org 1100;5;ZAMUDIO;PARQUE TECNOLOGICO;13;29,00;
11185;2618JYP;30/04/2018 06:24:00;F07C37;Organico;ct org 1100;5;ZAMUDIO;PARQUE TECNOLOGICO;13;16,00;
11149;2618JYP;27/04/2018 10:43:59;ZAMIO;Organico;ct org 1100;2;ZAMUDIO;TORRELARRAGOITI;24;34,00;
11142;2618JYP;27/04/2018 10:25:59;ZAMIO;Organico;ct org 1100;2;ZAMUDIO;TORRELARRAGOITI;24;249,00;
2022;1541CLM;26/04/2018 07:12:00;F0C108;Organico;ct org 1100;5;ZAMUDIO;PARQUE TECNOLOGICO;16;29,00;
1998;1541CLM;26/04/2018 06:44:00;F07C37;Organico;ct org 1100;5;ZAMUDIO;PARQUE TECNOLOGICO;16;5,00;
10088;2618JYP;19/04/2018 06:22:59;F07C37;Organico;ct org 1100;5;ZAMUDIO;PARQUE TECNOLOGICO;16;34,00;
10073;2618JYP;19/04/2018 06:00:59;F0C108;Organico;ct org 1100;5;ZAMUDIO;PARQUE TECNOLOGICO;16;27,00;
9955;2618JYP;18/04/2018 06:02:59;F0C108;Organico;ct org 1100;5;ZAMUDIO;PARQUE TECNOLOGICO;15;25,00;
9778;2618JYP;17/04/2018 06:53:59;F0C108;Organico;ct org 1100;5;ZAMUDIO;PARQUE TECNOLOGICO;14;27,00;
9756;2618JYP;17/04/2018 06:27:59;F07C37;Organico;ct org 1100;5;ZAMUDIO;PARQUE TECNOLOGICO;14;24,00;
9540;2618JYP;16/04/2018 06:53:59;F0C108;Organico;ct org 1100;5;ZAMUDIO;PARQUE TECNOLOGICO;13;27,00;
8445;2618JYP;06/04/2018 06:42:59;F0C108;Organico;ct org 1100;5;ZAMUDIO;PARQUE TECNOLOGICO;17;30,00;
8429;2618JYP;06/04/2018 06:20:59;F07C37;Organico;ct org 1100;5;ZAMUDIO;PARQUE TECNOLOGICO;17;32,00;
8174;2618JYP;05/04/2018 06:38:00;F0C108;Organico;ct org 1100;5;ZAMUDIO;PARQUE TECNOLOGICO;16;281,00;
8152;2618JYP;05/04/2018 06:11:00;F07C37;Organico;ct org 1100;5;ZAMUDIO;PARQUE TECNOLOGICO;16;212,00;
8063;2618JYP;04/04/2018 06:45:00;F0C108;Organico;ct org 1100;5;ZAMUDIO;PARQUE TECNOLOGICO;15;165,00;
8046;2618JYP;04/04/2018 06:24:00;F07C37;Organico;ct org 1100;5;ZAMUDIO;PARQUE TECNOLOGICO;15;141,00;
7851;2618JYP;03/04/2018 06:53:59;F0C108;Organico;ct org 1100;5;ZAMUDIO;PARQUE TECNOLOGICO;14;338,00;
24676;2618JYP;23/03/2018 07:43:00;F0C108;Organico;ct org 1100;5;ZAMUDIO;PARQUE TECNOLOGICO;17;33,00;
24444;2618JYP;22/03/2018 07:47:59;F0C108;Organico;ct org 1100;5;ZAMUDIO;PARQUE TECNOLOGICO;16;33,00;
24426;2618JYP;22/03/2018 07:21:00;F07C37;Organico;ct org 1100;5;ZAMUDIO;PARQUE TECNOLOGICO;16;31,00;
24321;2618JYP;21/03/2018 07:32:59;F0C108;Organico;ct org 1100;5;ZAMUDIO;PARQUE TECNOLOGICO;15;37,00;
24116;2618JYP;20/03/2018 07:38:59;F0C108;Organico;ct org 1100;5;ZAMUDIO;PARQUE TECNOLOGICO;14;33,00;
24097;2618JYP;20/03/2018 07:12:00;F07C37;Organico;ct org 1100;5;ZAMUDIO;PARQUE TECNOLOGICO;14;26,00;
23906;2618JYP;19/03/2018 07:47:00;F0C108;Organico;ct org 1100;5;ZAMUDIO;PARQUE TECNOLOGICO;13;21,00;
22891;2618JYP;08/03/2018 07:32:59;F0C108;Organico;ct org 1100;5;ZAMUDIO;PARQUE TECNOLOGICO;16;28,00;
22873;2618JYP;08/03/2018 07:05:00;F07C37;Organico;ct org 1100;5;ZAMUDIO;PARQUE TECNOLOGICO;16;64,00;
22684;2618JYP;06/03/2018 07:38:00;F0C108;Organico;ct org 1100;5;ZAMUDIO;PARQUE TECNOLOGICO;14;37,00;
22663;2618JYP;06/03/2018 07:09:00;F07C37;Organico;ct org 1100;5;ZAMUDIO;PARQUE TECNOLOGICO;14;34,00;
22455;2618JYP;05/03/2018 07:41:59;F0C108;Organico;ct org 1100;5;ZAMUDIO;PARQUE TECNOLOGICO;13;28,00;
22431;2618JYP;05/03/2018 07:12:59;F07C37;Organico;ct org 1100;5;ZAMUDIO;PARQUE TECNOLOGICO;13;65,00;
22261;2618JYP;02/03/2018 06:35:00;8EE178;Organico;ct org 1100;2;ZAMUDIO;UGALDEGUREN I;24;72,00;
22260;2618JYP;02/03/2018 06:29:59;B54083;Organico;ct org 1100;2;ZAMUDIO;UGALDEGUREN II;24;61,00;
22090;2618JYP;01/03/2018 07:05:59;F07C37;Organico;ct org 1100;5;ZAMUDIO;PARQUE TECNOLOGICO;16;104,00;
22074;2618JYP;01/03/2018 06:42:59;F0C108;Organico;ct org 1100;5;ZAMUDIO;PARQUE TECNOLOGICO;16;43,00;
21511;2618JYP;23/02/2018 07:43:00;F0C108;Organico;ct org 1100;5;ZAMUDIO;PARQUE TECNOLOGICO;17;30,00;
21490;2618JYP;23/02/2018 07:16:59;F07C37;Organico;ct org 1100;5;ZAMUDIO;PARQUE TECNOLOGICO;17;16,00;
21259;2618JYP;22/02/2018 06:58:59;F0C108;Organico;ct org 1100;5;ZAMUDIO;PARQUE TECNOLOGICO;16;34,00;
21153;2618JYP;21/02/2018 07:36:59;F0C108;Organico;ct org 1100;5;ZAMUDIO;PARQUE TECNOLOGICO;15;43,00;
21137;2618JYP;21/02/2018 07:07:59;F07C37;Organico;ct org 1100;5;ZAMUDIO;PARQUE TECNOLOGICO;15;66,00;
20979;2618JYP;20/02/2018 06:53:00;F07C37;Organico;ct org 1100;5;ZAMUDIO;PARQUE TECNOLOGICO;14;26,00;
20966;2618JYP;20/02/2018 06:29:00;F0C108;Organico;ct org 1100;5;ZAMUDIO;PARQUE TECNOLOGICO;14;52,00;
20757;2618JYP;19/02/2018 07:45:59;F0C108;Organico;ct org 1100;5;ZAMUDIO;PARQUE TECNOLOGICO;13;42,00;
20735;2618JYP;19/02/2018 07:12:59;F07C37;Organico;ct org 1100;5;ZAMUDIO;PARQUE TECNOLOGICO;13;54,00;
20611;2618JYP;16/02/2018 06:33:59;8EE178;Organico;ct org 1100;2;ZAMUDIO;UGALDEGUREN I;24;71,00;
20610;2618JYP;16/02/2018 06:29:00;B54083;Organico;ct org 1100;2;ZAMUDIO;UGALDEGUREN II;24;50,00;
20609;2618JYP;16/02/2018 06:29:00;B54083;Organico;ct org 1100;2;ZAMUDIO;UGALDEGUREN II;24;35,00;
19691;2618JYP;09/02/2018 06:40:59;F07C37;Organico;ct org 1100;5;ZAMUDIO;PARQUE TECNOLOGICO;17;53,00;
19678;2618JYP;09/02/2018 06:18:59;F0C108;Organico;ct org 1100;5;ZAMUDIO;PARQUE TECNOLOGICO;17;29,00;
19486;2618JYP;08/02/2018 07:30:59;F0C108;Organico;ct org 1100;5;ZAMUDIO;PARQUE TECNOLOGICO;16;43,00;
19467;2618JYP;08/02/2018 07:02:59;F07C37;Organico;ct org 1100;5;ZAMUDIO;PARQUE TECNOLOGICO;16;34,00;
19368;2618JYP;07/02/2018 07:25:59;F0C108;Organico;ct org 1100;5;ZAMUDIO;PARQUE TECNOLOGICO;15;36,00;
19181;2618JYP;06/02/2018 07:56:00;F0C108;Organico;ct org 1100;5;ZAMUDIO;PARQUE TECNOLOGICO;14;51,00;
19165;2618JYP;06/02/2018 07:34:59;F07C37;Organico;ct org 1100;5;ZAMUDIO;PARQUE TECNOLOGICO;14;37,00;
18977;2618JYP;05/02/2018 07:47:59;F0C108;Organico;ct org 1100;5;ZAMUDIO;PARQUE TECNOLOGICO;13;70,00;
18957;2618JYP;05/02/2018 07:16:59;F07C37;Organico;ct org 1100;5;ZAMUDIO;PARQUE TECNOLOGICO;13;78,00;
18768;2618JYP;02/02/2018 06:29:00;8EE178;Organico;ct org 1100;2;ZAMUDIO;UGALDEGUREN I;24;40,00;
18767;2618JYP;02/02/2018 06:22:59;B54083;Organico;ct org 1100;2;ZAMUDIO;UGALDEGUREN II;24;81,00;
17846;2618JYP;26/01/2018 07:32:00;F0C108;Organico;ct org 1100;5;ZAMUDIO;PARQUE TECNOLOGICO;17;43,00;
17830;2618JYP;26/01/2018 07:07:00;F07C37;Organico;ct org 1100;5;ZAMUDIO;PARQUE TECNOLOGICO;17;51,00;
17628;2618JYP;25/01/2018 07:18:00;F0C108;Organico;ct org 1100;5;ZAMUDIO;PARQUE TECNOLOGICO;16;78,00;
17609;2618JYP;25/01/2018 06:51:00;F07C37;Organico;ct org 1100;5;ZAMUDIO;PARQUE TECNOLOGICO;16;20,00;
17507;2618JYP;24/01/2018 07:25:00;F0C108;Organico;ct org 1100;5;ZAMUDIO;PARQUE TECNOLOGICO;15;32,00;
17490;2618JYP;24/01/2018 07:02:59;F07C37;Organico;ct org 1100;5;ZAMUDIO;PARQUE TECNOLOGICO;15;8,00;
17301;2618JYP;23/01/2018 07:23:59;F0C108;Organico;ct org 1100;5;ZAMUDIO;PARQUE TECNOLOGICO;14;45,00;
17289;2618JYP;23/01/2018 07:03:59;F07C37;Organico;ct org 1100;5;ZAMUDIO;PARQUE TECNOLOGICO;14;61,00;
17100;2618JYP;22/01/2018 07:36:00;F0C108;Organico;ct org 1100;5;ZAMUDIO;PARQUE TECNOLOGICO;13;94,00;
16932;2618JYP;19/01/2018 08:55:59;ZAMIO;Organico;ct org 1100;2;ZAMUDIO;TORRELARRAGOITI;24;109,00;
16931;2618JYP;19/01/2018 08:55:00;ZAMIO;Organico;ct org 1100;2;ZAMUDIO;TORRELARRAGOITI;24;274,90;
16930;2618JYP;19/01/2018 08:53:59;ZAMIO;Organico;ct org 1100;2;ZAMUDIO;TORRELARRAGOITI;24;280,90;
16929;2618JYP;19/01/2018 08:53:00;ZAMIO;Organico;ct org 1100;2;ZAMUDIO;TORRELARRAGOITI;24;398,00;
16889;2618JYP;19/01/2018 06:20:00;8EE178;Organico;ct org 1100;2;ZAMUDIO;UGALDEGUREN I;24;154,00;
16888;2618JYP;19/01/2018 06:13:59;B54083;Organico;ct org 1100;2;ZAMUDIO;UGALDEGUREN II;24;196,00;
16886;2618JYP;19/01/2018 06:13:00;B54083;Organico;ct org 1100;2;ZAMUDIO;UGALDEGUREN II;24;300,00;
16887;2618JYP;19/01/2018 06:13:00;B54083;Organico;ct org 1100;2;ZAMUDIO;UGALDEGUREN II;24;137,00;
15978;2618JYP;12/01/2018 07:27:59;F0C108;Organico;ct org 1100;5;ZAMUDIO;PARQUE TECNOLOGICO;3;42,00;
15963;2618JYP;12/01/2018 07:07:00;F07C37;Organico;ct org 1100;5;ZAMUDIO;PARQUE TECNOLOGICO;3;46,00;
15746;2618JYP;11/01/2018 07:21:59;F0C108;Organico;ct org 1100;5;ZAMUDIO;PARQUE TECNOLOGICO;16;4,00;
15609;2618JYP;10/01/2018 07:27:59;F0C108;Organico;ct org 1100;5;ZAMUDIO;PARQUE TECNOLOGICO;15;50,00;
15056;2618JYP;05/01/2018 08:01:59;F0C108;Organico;ct org 1100;5;ZAMUDIO;PARQUE TECNOLOGICO;17;34,00;
14791;2618JYP;04/01/2018 07:25:00;F0C108;Organico;ct org 1100;5;ZAMUDIO;PARQUE TECNOLOGICO;16;213,00;
14790;2618JYP;04/01/2018 07:23:59;F0C108;Organico;ct org 1100;5;ZAMUDIO;PARQUE TECNOLOGICO;16;252,00;
14774;2618JYP;04/01/2018 06:58:59;F07C37;Organico;ct org 1100;5;ZAMUDIO;PARQUE TECNOLOGICO;16;272,00;
14673;2618JYP;03/01/2018 07:16:59;F0C108;Organico;ct org 1100;5;ZAMUDIO;PARQUE TECNOLOGICO;15;2,00;
14657;2618JYP;03/01/2018 06:53:59;F07C37;Organico;ct org 1100;5;ZAMUDIO;PARQUE TECNOLOGICO;15;132,00;
14506;2618JYP;02/01/2018 07:32:59;F0C108;Organico;ct org 1100;5;ZAMUDIO;PARQUE TECNOLOGICO;14;78,00;
14484;2618JYP;02/01/2018 07:02:59;F07C37;Organico;ct org 1100;5;ZAMUDIO;PARQUE TECNOLOGICO;14;114,00;
129125;7501JXG;29/03/2019 11:06:59;ZAMIO;Organico;ct org 1100;2;ZAMUDIO;TORRELARRAGOITI;24;570,00;
129124;7501JXG;29/03/2019 11:06:00;ZAMIO;Organico;ct org 1100;2;ZAMUDIO;TORRELARRAGOITI;24;606,00;
129123;7501JXG;29/03/2019 11:05:00;ZAMIO;Organico;ct org 1100;2;ZAMUDIO;TORRELARRAGOITI;24;578,00;
129122;7501JXG;29/03/2019 11:03:00;ZAMIO;Organico;ct org 1100;2;ZAMUDIO;TORRELARRAGOITI;24;340,00;
129519;7501JXG;29/03/2019 10:54:00;9DFE9C;Organico;cl org 2200;5;ZAMUDIO;AREA URBANA;24;114,00;
134495;7501JXG;29/03/2019 10:52:00;9DFECC;Organico;cl org 2200;1;ZAMUDIO;AREA URBANA;24;6,00;
134494;7501JXG;29/03/2019 10:47:59;9DFC01;Organico;cl org 2200;5;ZAMUDIO;AREA URBANA;24;172,00;
134493;7501JXG;29/03/2019 10:45:59;9DF695;Organico;cl org 2200;5;ZAMUDIO;AREA URBANA;24;180,00;
130956;7501JXG;29/03/2019 10:43:00;9DF1AB;Organico;cl org 2200;5;ZAMUDIO;AREA URBANA;24;50,00;
130955;7501JXG;29/03/2019 10:41:00;9DF24C;Organico;cl org 2200;5;ZAMUDIO;AREA URBANA;24;68,00;
130954;7501JXG;29/03/2019 10:38:59;9DFB83;Organico;cl org 2200;2;ZAMUDIO;AREA URBANA;24;124,00;
132026;7501JXG;29/03/2019 06:17:59;9DF259;Organico;cl org 2200 lec;1;ZAMUDIO;UGALDEGUREN III;11;36,00;
129276;1743DKT;21/03/2019 14:37:00;ZAMIO;Organico;ct org 1100;2;ZAMUDIO;TORRELARRAGOITI;24;40,00;
129275;1743DKT;21/03/2019 14:32:59;ZAMIO;Organico;ct org 1100;2;ZAMUDIO;TORRELARRAGOITI;24;604,00;
129274;1743DKT;21/03/2019 14:24:59;ZAMIO;Organico;ct org 1100;2;ZAMUDIO;TORRELARRAGOITI;24;324,00;
129273;1743DKT;21/03/2019 14:21:59;ZAMIO;Organico;ct org 1100;2;ZAMUDIO;TORRELARRAGOITI;24;512,00;
122896;7501JXG;01/03/2019 10:41:59;ZAMIO;Organico;ct org 1100;2;ZAMUDIO;TORRELARRAGOITI;24;250,00;
122895;7501JXG;01/03/2019 10:41:00;ZAMIO;Organico;ct org 1100;2;ZAMUDIO;TORRELARRAGOITI;24;418,00;
122894;7501JXG;01/03/2019 10:39:59;ZAMIO;Organico;ct org 1100;2;ZAMUDIO;TORRELARRAGOITI;24;502,00;
122893;7501JXG;01/03/2019 10:38:59;ZAMIO;Organico;ct org 1100;2;ZAMUDIO;TORRELARRAGOITI;24;326,00;
122892;7501JXG;01/03/2019 10:38:00;ZAMIO;Organico;ct org 1100;2;ZAMUDIO;TORRELARRAGOITI;24;508,00;
120012;1541CLM;28/02/2019 08:51:59;F07C37;Organico;ct org 1100;5;ZAMUDIO;PARQUE TECNOLOGICO;16;13,00;
119962;1541CLM;28/02/2019 08:30:00;F0C108;Organico;ct org 1100;5;ZAMUDIO;PARQUE TECNOLOGICO;16;38,00;
120318;1541CLM;27/02/2019 08:55:59;F07C37;Organico;ct org 1100;5;ZAMUDIO;PARQUE TECNOLOGICO;15;115,00;
122579;1541CLM;27/02/2019 08:32:00;F0C108;Organico;ct org 1100;5;ZAMUDIO;PARQUE TECNOLOGICO;15;2,00;
119733;1541CLM;26/02/2019 09:00:00;F07C37;Organico;ct org 1100;5;ZAMUDIO;PARQUE TECNOLOGICO;14;11,00;
119735;1541CLM;26/02/2019 08:37:00;F0C108;Organico;ct org 1100;5;ZAMUDIO;PARQUE TECNOLOGICO;14;31,00;
119716;1541CLM;25/02/2019 08:37:59;F0C108;Organico;ct org 1100;5;ZAMUDIO;PARQUE TECNOLOGICO;13;24,00;
118342;7501JXG;22/02/2019 10:30:59;ZAMIO;Organico;ct org 1100;2;ZAMUDIO;TORRELARRAGOITI;24;616,00;
122560;1541CLM;22/02/2019 08:44:00;F07C37;Organico;ct org 1100;5;ZAMUDIO;PARQUE TECNOLOGICO;17;13,00;
119809;1541CLM;22/02/2019 08:21:59;F0C108;Organico;ct org 1100;5;ZAMUDIO;PARQUE TECNOLOGICO;17;19,00;
119681;1541CLM;21/02/2019 09:04:00;F07C37;Organico;ct org 1100;5;ZAMUDIO;PARQUE TECNOLOGICO;16;8,00;
119155;1541CLM;21/02/2019 08:39:00;F0C108;Organico;ct org 1100;5;ZAMUDIO;PARQUE TECNOLOGICO;16;63,00;
119936;1541CLM;20/02/2019 08:42:00;F07C37;Organico;ct org 1100;5;ZAMUDIO;PARQUE TECNOLOGICO;15;15,00;
119655;1541CLM;20/02/2019 08:19:59;F0C108;Organico;ct org 1100;5;ZAMUDIO;PARQUE TECNOLOGICO;15;62,00;
119861;1541CLM;19/02/2019 08:48:00;F0C108;Organico;ct org 1100;5;ZAMUDIO;PARQUE TECNOLOGICO;14;50,00;
119593;1541CLM;18/02/2019 08:44:00;F07C37;Organico;ct org 1100;5;ZAMUDIO;PARQUE TECNOLOGICO;13;91,00;
122622;1541CLM;18/02/2019 08:17:00;F0C108;Organico;ct org 1100;5;ZAMUDIO;PARQUE TECNOLOGICO;13;32,00;
119573;1541CLM;15/02/2019 08:46:59;F07C37;Organico;ct org 1100;5;ZAMUDIO;PARQUE TECNOLOGICO;17;26,00;
119561;1541CLM;15/02/2019 08:21:00;F0C108;Organico;ct org 1100;5;ZAMUDIO;PARQUE TECNOLOGICO;17;41,00;
113335;7501JXG;14/02/2019 15:49:00;ZAMIO;Organico;ct org 1100;2;ZAMUDIO;TORRELARRAGOITI;24;530,00;
113334;7501JXG;14/02/2019 15:47:59;ZAMIO;Organico;ct org 1100;2;ZAMUDIO;TORRELARRAGOITI;24;406,00;
113333;7501JXG;14/02/2019 15:47:00;ZAMIO;Organico;ct org 1100;2;ZAMUDIO;TORRELARRAGOITI;24;560,00;
113332;7501JXG;14/02/2019 15:45:59;ZAMIO;Organico;ct org 1100;2;ZAMUDIO;TORRELARRAGOITI;24;556,00;
113331;7501JXG;14/02/2019 15:42:59;ZAMIO;Organico;ct org 1100;2;ZAMUDIO;TORRELARRAGOITI;24;544,00;
117233;1541CLM;14/02/2019 08:48:59;F07C37;Organico;ct org 1100;5;ZAMUDIO;PARQUE TECNOLOGICO;16;29,00;
116697;1541CLM;14/02/2019 08:23:00;F0C108;Organico;ct org 1100;5;ZAMUDIO;PARQUE TECNOLOGICO;16;7,00;
115002;1541CLM;13/02/2019 08:46:00;F07C37;Organico;ct org 1100;5;ZAMUDIO;PARQUE TECNOLOGICO;15;57,00;
115003;1541CLM;13/02/2019 08:46:00;F07C37;Organico;ct org 1100;5;ZAMUDIO;PARQUE TECNOLOGICO;15;23,00;
114989;1541CLM;13/02/2019 08:23:00;F0C108;Organico;ct org 1100;5;ZAMUDIO;PARQUE TECNOLOGICO;15;19,00;
115133;1541CLM;12/02/2019 08:53:00;F07C37;Organico;ct org 1100;5;ZAMUDIO;PARQUE TECNOLOGICO;14;38,00;
115122;1541CLM;12/02/2019 08:28:00;F0C108;Organico;ct org 1100;5;ZAMUDIO;PARQUE TECNOLOGICO;14;46,00;
116679;1541CLM;11/02/2019 08:21:00;F0C108;Organico;ct org 1100;5;ZAMUDIO;PARQUE TECNOLOGICO;13;22,00;
114900;1541CLM;08/02/2019 08:46:59;F07C37;Organico;ct org 1100;5;ZAMUDIO;PARQUE TECNOLOGICO;17;12,00;
114892;1541CLM;08/02/2019 08:23:00;F0C108;Organico;ct org 1100;5;ZAMUDIO;PARQUE TECNOLOGICO;17;9,00;
114877;1541CLM;07/02/2019 08:48:00;F07C37;Organico;ct org 1100;5;ZAMUDIO;PARQUE TECNOLOGICO;16;31,00;
115531;1541CLM;07/02/2019 08:21:59;F0C108;Organico;ct org 1100;5;ZAMUDIO;PARQUE TECNOLOGICO;16;27,00;
114852;1541CLM;06/02/2019 08:50:00;F07C37;Organico;ct org 1100;5;ZAMUDIO;PARQUE TECNOLOGICO;15;70,00;
114839;1541CLM;06/02/2019 08:26:00;F0C108;Organico;ct org 1100;5;ZAMUDIO;PARQUE TECNOLOGICO;15;43,00;
114807;1541CLM;05/02/2019 08:55:00;F07C37;Organico;ct org 1100;5;ZAMUDIO;PARQUE TECNOLOGICO;14;30,00;
114806;1541CLM;05/02/2019 08:55:00;F07C37;Organico;ct org 1100;5;ZAMUDIO;PARQUE TECNOLOGICO;14;41,00;
115358;1541CLM;05/02/2019 08:30:00;F0C108;Organico;ct org 1100;5;ZAMUDIO;PARQUE TECNOLOGICO;14;38,00;
114722;1541CLM;04/02/2019 08:50:00;F07C37;Organico;ct org 1100;5;ZAMUDIO;PARQUE TECNOLOGICO;15;0,00;
114714;1541CLM;04/02/2019 08:26:59;F0C108;Organico;ct org 1100;5;ZAMUDIO;PARQUE TECNOLOGICO;15;0,00;
108444;7501JXG;28/01/2019 12:49:59;ZAMIO;Organico;ct org 1100;2;ZAMUDIO;TORRELARRAGOITI;24;1.082,00;
108443;7501JXG;28/01/2019 12:47:59;ZAMIO;Organico;ct org 1100;2;ZAMUDIO;TORRELARRAGOITI;24;774,00;
108442;7501JXG;28/01/2019 12:45:59;ZAMIO;Organico;ct org 1100;2;ZAMUDIO;TORRELARRAGOITI;24;240,00;
109621;1541CLM;25/01/2019 08:42:00;F07C37;Organico;ct org 1100;5;ZAMUDIO;PARQUE TECNOLOGICO;17;26,00;
109611;1541CLM;25/01/2019 08:21:00;F0C108;Organico;ct org 1100;5;ZAMUDIO;PARQUE TECNOLOGICO;17;49,00;
109576;1541CLM;24/01/2019 08:55:00;F07C37;Organico;ct org 1100;5;ZAMUDIO;PARQUE TECNOLOGICO;16;58,00;
109569;1541CLM;24/01/2019 08:33:59;F0C108;Organico;ct org 1100;5;ZAMUDIO;PARQUE TECNOLOGICO;16;64,00;
107580;1541CLM;23/01/2019 08:51:00;F07C37;Organico;ct org 1100;5;ZAMUDIO;PARQUE TECNOLOGICO;15;78,00;
109565;1541CLM;23/01/2019 08:30:00;F0C108;Organico;ct org 1100;5;ZAMUDIO;PARQUE TECNOLOGICO;15;8,00;
110245;1541CLM;22/01/2019 08:57:59;F07C37;Organico;ct org 1100;5;ZAMUDIO;PARQUE TECNOLOGICO;14;66,00;
107618;1541CLM;22/01/2019 08:35:59;F0C108;Organico;ct org 1100;5;ZAMUDIO;PARQUE TECNOLOGICO;14;35,00;
109963;1541CLM;21/01/2019 08:48:59;F07C37;Organico;ct org 1100;5;ZAMUDIO;PARQUE TECNOLOGICO;13;122,00;
109959;1541CLM;21/01/2019 08:26:59;F0C108;Organico;ct org 1100;5;ZAMUDIO;PARQUE TECNOLOGICO;13;26,00;
108377;7501JXG;18/01/2019 12:36:59;ZAMIO;Organico;ct org 1100;2;ZAMUDIO;TORRELARRAGOITI;24;772,00;
108376;7501JXG;18/01/2019 10:47:59;ZAMIO;Organico;ct org 1100;2;ZAMUDIO;TORRELARRAGOITI;24;920,00;
108375;7501JXG;18/01/2019 10:47:00;ZAMIO;Organico;ct org 1100;2;ZAMUDIO;TORRELARRAGOITI;24;832,00;
107572;1541CLM;18/01/2019 08:42:00;F07C37;Organico;ct org 1100;5;ZAMUDIO;PARQUE TECNOLOGICO;17;69,00;
107563;1541CLM;18/01/2019 08:21:00;F0C108;Organico;ct org 1100;5;ZAMUDIO;PARQUE TECNOLOGICO;17;14,00;
107542;1541CLM;17/01/2019 08:48:00;F07C37;Organico;ct org 1100;5;ZAMUDIO;PARQUE TECNOLOGICO;16;22,00;
107535;1541CLM;17/01/2019 08:26:00;F0C108;Organico;ct org 1100;5;ZAMUDIO;PARQUE TECNOLOGICO;16;14,00;
107512;1541CLM;16/01/2019 08:46:00;F07C37;Organico;ct org 1100;5;ZAMUDIO;PARQUE TECNOLOGICO;15;62,00;
110183;1541CLM;16/01/2019 08:26:00;F0C108;Organico;ct org 1100;5;ZAMUDIO;PARQUE TECNOLOGICO;15;23,00;
109900;1541CLM;15/01/2019 08:39:59;F0C108;Organico;ct org 1100;5;ZAMUDIO;PARQUE TECNOLOGICO;14;23,00;
109747;1541CLM;14/01/2019 08:46:00;F07C37;Organico;ct org 1100;5;ZAMUDIO;PARQUE TECNOLOGICO;13;34,00;
109435;1541CLM;14/01/2019 08:24:59;F0C108;Organico;ct org 1100;5;ZAMUDIO;PARQUE TECNOLOGICO;13;30,00;
105099;7501JXG;11/01/2019 16:18:59;ZAMIO;Organico;ct org 1100;2;ZAMUDIO;TORRELARRAGOITI;24;202,00;
105098;7501JXG;11/01/2019 16:18:00;ZAMIO;Organico;ct org 1100;2;ZAMUDIO;TORRELARRAGOITI;24;326,00;
103918;2618JYP;11/01/2019 09:42:59;ZAMUO;Organico;ct org 1100;4;ZAMUDIO;AREA URBANA;24;14,00;
105635;1541CLM;11/01/2019 08:21:00;F07C37;Organico;ct org 1100;5;ZAMUDIO;PARQUE TECNOLOGICO;17;18,00;
105618;1541CLM;11/01/2019 08:01:59;F0C108;Organico;ct org 1100;5;ZAMUDIO;PARQUE TECNOLOGICO;17;12,00;
105418;1541CLM;10/01/2019 08:37:59;F07C37;Organico;ct org 1100;5;ZAMUDIO;PARQUE TECNOLOGICO;16;10,00;
105402;1541CLM;10/01/2019 08:17:59;F0C108;Organico;ct org 1100;5;ZAMUDIO;PARQUE TECNOLOGICO;16;13,00;
105288;1541CLM;09/01/2019 08:46:00;F07C37;Organico;ct org 1100;5;ZAMUDIO;PARQUE TECNOLOGICO;15;34,00;
105289;1541CLM;09/01/2019 08:46:00;F07C37;Organico;ct org 1100;5;ZAMUDIO;PARQUE TECNOLOGICO;15;31,00;
105271;1541CLM;09/01/2019 08:26:00;F0C108;Organico;ct org 1100;5;ZAMUDIO;PARQUE TECNOLOGICO;15;6,00;
104378;7501JXG;04/01/2019 16:00:59;ZAMIO;Organico;ct org 1100;2;ZAMUDIO;TORRELARRAGOITI;24;644,00;
104377;7501JXG;04/01/2019 16:00:00;ZAMIO;Organico;ct org 1100;2;ZAMUDIO;TORRELARRAGOITI;24;332,00;
